{
  "judges": [
    "claude-opus-4-7",
    "gpt-4o"
  ],
  "spearman_rank_correlation": 0.9666666666666667,
  "opus_rank": [
    "hipporag2",
    "qiss",
    "persona_profile",
    "naive_vector",
    "reflection",
    "raptor",
    "hybrid_rrf",
    "hyde",
    "amem",
    "bm25",
    "langmem",
    "mem0",
    "full_context",
    "graphiti",
    "cognee",
    "graphiti_falkor",
    "karpathy_llm_wiki",
    "recency_window",
    "memori"
  ],
  "gpt-4o_rank": [
    "hipporag2",
    "qiss",
    "naive_vector",
    "persona_profile",
    "hybrid_rrf",
    "reflection",
    "raptor",
    "hyde",
    "langmem",
    "full_context",
    "bm25",
    "amem",
    "mem0",
    "graphiti",
    "karpathy_llm_wiki",
    "cognee",
    "graphiti_falkor",
    "recency_window",
    "memori"
  ],
  "per_strategy": {
    "hipporag2": {
      "opus_mean": 54.479166666666664,
      "gpt4o_mean": 65.20833333333333,
      "n_grades": 48
    },
    "qiss": {
      "opus_mean": 50.541666666666664,
      "gpt4o_mean": 64.58333333333333,
      "n_grades": 48
    },
    "persona_profile": {
      "opus_mean": 49.697916666666664,
      "gpt4o_mean": 63.125,
      "n_grades": 48
    },
    "naive_vector": {
      "opus_mean": 49.197916666666664,
      "gpt4o_mean": 63.958333333333336,
      "n_grades": 48
    },
    "reflection": {
      "opus_mean": 47.447916666666664,
      "gpt4o_mean": 62.708333333333336,
      "n_grades": 48
    },
    "raptor": {
      "opus_mean": 46.770833333333336,
      "gpt4o_mean": 62.5,
      "n_grades": 48
    },
    "hybrid_rrf": {
      "opus_mean": 43.572916666666664,
      "gpt4o_mean": 62.916666666666664,
      "n_grades": 48
    },
    "hyde": {
      "opus_mean": 42.541666666666664,
      "gpt4o_mean": 61.458333333333336,
      "n_grades": 48
    },
    "amem": {
      "opus_mean": 39.479166666666664,
      "gpt4o_mean": 52.708333333333336,
      "n_grades": 48
    },
    "bm25": {
      "opus_mean": 34.427083333333336,
      "gpt4o_mean": 54.583333333333336,
      "n_grades": 48
    },
    "langmem": {
      "opus_mean": 33.0,
      "gpt4o_mean": 58.541666666666664,
      "n_grades": 48
    },
    "mem0": {
      "opus_mean": 31.45,
      "gpt4o_mean": 43.875,
      "n_grades": 80
    },
    "full_context": {
      "opus_mean": 29.5,
      "gpt4o_mean": 55.833333333333336,
      "n_grades": 12
    },
    "graphiti": {
      "opus_mean": 23.375,
      "gpt4o_mean": 43.125,
      "n_grades": 16
    },
    "cognee": {
      "opus_mean": 23.28125,
      "gpt4o_mean": 40.625,
      "n_grades": 16
    },
    "graphiti_falkor": {
      "opus_mean": 22.53125,
      "gpt4o_mean": 36.25,
      "n_grades": 16
    },
    "karpathy_llm_wiki": {
      "opus_mean": 22.5,
      "gpt4o_mean": 43.125,
      "n_grades": 16
    },
    "recency_window": {
      "opus_mean": 5.791666666666667,
      "gpt4o_mean": 25.625,
      "n_grades": 48
    },
    "memori": {
      "opus_mean": 1.40625,
      "gpt4o_mean": 20.625,
      "n_grades": 16
    }
  }
}