{
  "strategy": "mem0",
  "corpus": "longmemeval-s",
  "status": "ok",
  "n_seeds": 5,
  "n_questions": 16,
  "n_bootstrap": 5000,
  "bootstrap_method": "non_parametric_question_level",
  "mean_accuracy": 0.3145,
  "ci_low_95": 0.161684375,
  "ci_high_95": 0.4948171874999999,
  "accuracy": 0.3145,
  "accuracy_ci": 0.16656640624999997,
  "ci_low": 0.161684375,
  "ci_high": 0.4948171874999999,
  "accuracy_per_seed": [
    0.344375,
    0.2975,
    0.328125,
    0.3084375,
    0.2940625
  ],
  "total_cost_usd": 0.0540312,
  "total_cost_ci": 0.0010258444896883735,
  "avg_recall_latency_ms": 4082.003486499889,
  "avg_recall_latency_ci_ms": 520.6807071913801,
  "mean_session_recall_at_k": 0.7072916666666667,
  "mean_session_recall_at_k_ci": 0.04781599025024068,
  "mean_session_hit_at_k": 0.9125,
  "mean_session_hit_at_k_ci": 0.030006249349093933,
  "ingest_failure_rate": 0.024390243902439025,
  "questions_evaluated_per_seed": [
    16,
    16,
    16,
    16,
    16
  ],
  "accuracy_by_category": {
    "information_extraction": {
      "accuracy": 0.31750000000000006,
      "accuracy_ci": 0.35375,
      "ci_low_95": 0.06749999999999999,
      "ci_high_95": 0.775,
      "n": 4
    },
    "multi_session_reasoning": {
      "accuracy": 0.7375,
      "accuracy_ci": 0.19875000000000004,
      "ci_low_95": 0.5349999999999999,
      "ci_high_95": 0.9325,
      "n": 4
    },
    "temporal": {
      "accuracy": 0.10250000000000001,
      "accuracy_ci": 0.07,
      "ci_low_95": 0.0325,
      "ci_high_95": 0.17250000000000001,
      "n": 4
    },
    "knowledge_update": {
      "accuracy": 0.1005,
      "accuracy_ci": 0.04075000000000001,
      "ci_low_95": 0.0675,
      "ci_high_95": 0.14900000000000002,
      "n": 4
    }
  },
  "metadata": {
    "commit_sha": "886bc1fef8049219eca1ce0e0ab084effc0ac050",
    "started_utc": "2026-06-27T14:05:46.746925+00:00",
    "host": "Darwin 25.5.0 (arm64)",
    "python": "3.12.4",
    "top_k": 5,
    "top_k_normalized": true,
    "seed": 4,
    "models": {
      "anthropic_generate": "claude-sonnet-4-6",
      "anthropic_fast": "claude-haiku-4-5-20251001",
      "anthropic_judge": "claude-opus-4-7",
      "openai_generate": "gpt-4o",
      "openai_fast": "gpt-4o-mini",
      "openai_judge": "gpt-4o",
      "embedding": "text-embedding-3-large"
    },
    "package_versions": {
      "memory-arena": "0.1.6",
      "anthropic": "0.42.0",
      "openai": "2.24.0",
      "chromadb": "0.5.23",
      "neo4j": "5.27.0",
      "fastapi": "0.115.6",
      "pydantic": "2.10.4",
      "rank-bm25": "0.2.2",
      "tiktoken": "0.7.0",
      "tenacity": "9.0.0",
      "numpy": "2.4.4",
      "scikit-learn": "1.8.0",
      "mem0ai": "2.0.2",
      "graphiti-core": "0.13.0",
      "cognee": "1.0.3",
      "langmem": "0.0.30",
      "langgraph": "1.1.10",
      "memori": "3.3.2",
      "psycopg": "3.3.3",
      "s3fs": "not-installed"
    }
  }
}