{
  "strategy": "hipporag2",
  "corpus": "longmemeval-s",
  "status": "ok",
  "n_seeds": 3,
  "n_questions": 16,
  "n_bootstrap": 5000,
  "bootstrap_method": "non_parametric_question_level",
  "mean_accuracy": 0.5447916666666667,
  "ci_low_95": 0.360390625,
  "ci_high_95": 0.7333333333333334,
  "accuracy": 0.5447916666666667,
  "accuracy_ci": 0.1864713541666667,
  "ci_low": 0.360390625,
  "ci_high": 0.7333333333333334,
  "accuracy_per_seed": [
    0.528125,
    0.61875,
    0.4875
  ],
  "total_cost_usd": 0.8590158666666666,
  "total_cost_ci": 0.011132818192864607,
  "avg_recall_latency_ms": 6542.026178843419,
  "avg_recall_latency_ci_ms": 94.31691188819916,
  "mean_session_recall_at_k": 0.8524305555555557,
  "mean_session_recall_at_k_ci": 0.027852936515399315,
  "mean_session_hit_at_k": 1.0,
  "mean_session_hit_at_k_ci": 0.0,
  "ingest_failure_rate": 0.0,
  "questions_evaluated_per_seed": [
    16,
    16,
    16
  ],
  "accuracy_by_category": {
    "information_extraction": {
      "accuracy": 0.37916666666666665,
      "accuracy_ci": 0.3416666666666667,
      "ci_low_95": 0.09166666666666667,
      "ci_high_95": 0.775,
      "n": 4
    },
    "multi_session_reasoning": {
      "accuracy": 0.5750000000000001,
      "accuracy_ci": 0.39166666666666666,
      "ci_low_95": 0.18333333333333332,
      "ci_high_95": 0.9666666666666667,
      "n": 4
    },
    "temporal": {
      "accuracy": 0.5958333333333333,
      "accuracy_ci": 0.39583333333333337,
      "ci_low_95": 0.2,
      "ci_high_95": 0.9916666666666667,
      "n": 4
    },
    "knowledge_update": {
      "accuracy": 0.6291666666666667,
      "accuracy_ci": 0.32291666666666663,
      "ci_low_95": 0.26666666666666666,
      "ci_high_95": 0.9125,
      "n": 4
    }
  },
  "metadata": {
    "commit_sha": "886bc1fef8049219eca1ce0e0ab084effc0ac050",
    "started_utc": "2026-06-26T16:59:12.570015+00:00",
    "host": "Darwin 25.5.0 (arm64)",
    "python": "3.12.4",
    "top_k": 5,
    "top_k_normalized": true,
    "seed": 2,
    "models": {
      "anthropic_generate": "claude-sonnet-4-6",
      "anthropic_fast": "claude-haiku-4-5-20251001",
      "anthropic_judge": "claude-opus-4-7",
      "openai_generate": "gpt-4o",
      "openai_fast": "gpt-4o-mini",
      "openai_judge": "gpt-4o",
      "embedding": "text-embedding-3-large"
    },
    "package_versions": {
      "memory-arena": "0.1.6",
      "anthropic": "0.42.0",
      "openai": "2.24.0",
      "chromadb": "0.5.23",
      "neo4j": "5.27.0",
      "fastapi": "0.115.6",
      "pydantic": "2.10.4",
      "rank-bm25": "0.2.2",
      "tiktoken": "0.7.0",
      "tenacity": "9.0.0",
      "numpy": "2.4.4",
      "scikit-learn": "1.8.0",
      "mem0ai": "2.0.2",
      "graphiti-core": "0.13.0",
      "cognee": "1.0.3",
      "langmem": "0.0.30",
      "langgraph": "1.1.10",
      "memori": "3.3.2",
      "psycopg": "3.3.3",
      "s3fs": "not-installed"
    }
  }
}