{
  "strategy": "qiss",
  "corpus": "longmemeval-s",
  "status": "ok",
  "n_seeds": 3,
  "n_questions": 16,
  "n_bootstrap": 5000,
  "bootstrap_method": "non_parametric_question_level",
  "mean_accuracy": 0.5054166666666666,
  "ci_low_95": 0.3287395833333333,
  "ci_high_95": 0.6825,
  "accuracy": 0.5054166666666666,
  "accuracy_ci": 0.17688020833333334,
  "ci_low": 0.3287395833333333,
  "ci_high": 0.6825,
  "accuracy_per_seed": [
    0.5128125,
    0.49874999999999997,
    0.5046875
  ],
  "total_cost_usd": 0.09084900000000001,
  "total_cost_ci": 0.0008504480428574293,
  "avg_recall_latency_ms": 3724.0314513716535,
  "avg_recall_latency_ci_ms": 499.9058141032382,
  "mean_session_recall_at_k": 0.8489583333333334,
  "mean_session_recall_at_k_ci": 0.04083333333333333,
  "mean_session_hit_at_k": 0.9583333333333334,
  "mean_session_hit_at_k_ci": 0.04083333333333333,
  "ingest_failure_rate": 0.0,
  "questions_evaluated_per_seed": [
    16,
    16,
    16
  ],
  "accuracy_by_category": {
    "information_extraction": {
      "accuracy": 0.5466666666666666,
      "accuracy_ci": 0.4533333333333333,
      "ci_low_95": 0.09333333333333335,
      "ci_high_95": 1.0,
      "n": 4
    },
    "multi_session_reasoning": {
      "accuracy": 0.7125,
      "accuracy_ci": 0.1604166666666667,
      "ci_low_95": 0.5583333333333333,
      "ci_high_95": 0.8791666666666668,
      "n": 4
    },
    "temporal": {
      "accuracy": 0.15416666666666667,
      "accuracy_ci": 0.16875,
      "ci_low_95": 0.03333333333333333,
      "ci_high_95": 0.37083333333333335,
      "n": 4
    },
    "knowledge_update": {
      "accuracy": 0.6083333333333332,
      "accuracy_ci": 0.2875,
      "ci_low_95": 0.31249999999999994,
      "ci_high_95": 0.8875,
      "n": 4
    }
  },
  "metadata": {
    "commit_sha": "70b7dfcdc274829bfa2d7ba0380a990ede779a14",
    "started_utc": "2026-06-21T23:28:07.374954+00:00",
    "host": "Darwin 25.5.0 (arm64)",
    "python": "3.12.4",
    "top_k": 5,
    "top_k_normalized": true,
    "seed": 2,
    "models": {
      "anthropic_generate": "claude-sonnet-4-6",
      "anthropic_fast": "claude-haiku-4-5-20251001",
      "anthropic_judge": "claude-opus-4-7",
      "openai_generate": "gpt-4o",
      "openai_fast": "gpt-4o-mini",
      "openai_judge": "gpt-4o",
      "embedding": "text-embedding-3-large"
    },
    "package_versions": {
      "memory-arena": "0.1.6",
      "anthropic": "0.42.0",
      "openai": "2.24.0",
      "chromadb": "0.5.23",
      "neo4j": "5.27.0",
      "fastapi": "0.115.6",
      "pydantic": "2.10.4",
      "rank-bm25": "0.2.2",
      "tiktoken": "0.7.0",
      "tenacity": "9.0.0",
      "numpy": "2.4.4",
      "scikit-learn": "1.8.0",
      "mem0ai": "2.0.2",
      "graphiti-core": "0.13.0",
      "cognee": "1.0.3",
      "langmem": "0.0.30",
      "langgraph": "1.1.10",
      "memori": "3.3.2",
      "psycopg": "3.3.3",
      "s3fs": "not-installed"
    }
  }
}