{
  "strategy": "reflection",
  "corpus": "longmemeval-s",
  "status": "ok",
  "n_seeds": 3,
  "n_questions": 16,
  "n_bootstrap": 5000,
  "bootstrap_method": "non_parametric_question_level",
  "mean_accuracy": 0.4744791666666666,
  "ci_low_95": 0.2940494791666667,
  "ci_high_95": 0.6589635416666666,
  "accuracy": 0.4744791666666666,
  "accuracy_ci": 0.18245703124999996,
  "ci_low": 0.2940494791666667,
  "ci_high": 0.6589635416666666,
  "accuracy_per_seed": [
    0.5,
    0.4334375,
    0.49
  ],
  "total_cost_usd": 0.43097575,
  "total_cost_ci": 0.053776316191617234,
  "avg_recall_latency_ms": 6837.547805361585,
  "avg_recall_latency_ci_ms": 794.6169880973517,
  "mean_session_recall_at_k": 0.8333333333333334,
  "mean_session_recall_at_k_ci": 0.05981537470354863,
  "mean_session_hit_at_k": 0.9375,
  "mean_session_hit_at_k_ci": 0.07072540797572917,
  "ingest_failure_rate": 0.0,
  "questions_evaluated_per_seed": [
    16,
    16,
    16
  ],
  "accuracy_by_category": {
    "information_extraction": {
      "accuracy": 0.5283333333333333,
      "accuracy_ci": 0.4716666666666667,
      "ci_low_95": 0.056666666666666664,
      "ci_high_95": 1.0,
      "n": 4
    },
    "multi_session_reasoning": {
      "accuracy": 0.5883333333333334,
      "accuracy_ci": 0.20916666666666672,
      "ci_low_95": 0.4358333333333333,
      "ci_high_95": 0.8541666666666667,
      "n": 4
    },
    "temporal": {
      "accuracy": 0.07291666666666667,
      "accuracy_ci": 0.055208333333333345,
      "ci_low_95": 0.03125,
      "ci_high_95": 0.1416666666666667,
      "n": 4
    },
    "knowledge_update": {
      "accuracy": 0.7083333333333333,
      "accuracy_ci": 0.2375,
      "ci_low_95": 0.44999999999999996,
      "ci_high_95": 0.9249999999999999,
      "n": 4
    }
  },
  "metadata": {
    "commit_sha": "4507708a793061be219ff43ade9ba39f8cc4d445",
    "started_utc": "2026-04-30T05:59:12.581435+00:00",
    "host": "Darwin 25.3.0 (arm64)",
    "python": "3.12.4",
    "top_k": 5,
    "top_k_normalized": true,
    "seed": 2,
    "models": {
      "anthropic_generate": "claude-sonnet-4-6",
      "anthropic_fast": "claude-haiku-4-5-20251001",
      "anthropic_judge": "claude-opus-4-7",
      "openai_generate": "gpt-4o",
      "openai_fast": "gpt-4o-mini",
      "openai_judge": "gpt-4o",
      "embedding": "text-embedding-3-large"
    },
    "package_versions": {
      "memory-arena": "0.1.5",
      "anthropic": "0.42.0",
      "openai": "2.24.0",
      "chromadb": "0.5.23",
      "neo4j": "5.27.0",
      "fastapi": "0.115.6",
      "pydantic": "2.10.4",
      "rank-bm25": "0.2.2",
      "tiktoken": "0.7.0",
      "tenacity": "9.0.0",
      "numpy": "2.4.4",
      "scikit-learn": "1.8.0",
      "mem0ai": "0.1.114",
      "letta-client": "1.10.3",
      "graphiti-core": "0.13.0",
      "cognee": "1.0.3",
      "langmem": "0.0.30",
      "langgraph": "1.1.10",
      "memori": "3.3.2",
      "psycopg": "3.3.3",
      "s3fs": "not-installed"
    }
  }
}