{
  "strategy": "amem",
  "corpus": "longmemeval-s",
  "status": "ok",
  "n_seeds": 3,
  "n_questions": 16,
  "n_bootstrap": 5000,
  "bootstrap_method": "non_parametric_question_level",
  "mean_accuracy": 0.39479166666666665,
  "ci_low_95": 0.23904947916666666,
  "ci_high_95": 0.565638020833333,
  "accuracy": 0.39479166666666665,
  "accuracy_ci": 0.1632942708333332,
  "ci_low": 0.23904947916666666,
  "ci_high": 0.565638020833333,
  "accuracy_per_seed": [
    0.3875,
    0.453125,
    0.34375
  ],
  "total_cost_usd": 1.0899630000000002,
  "total_cost_ci": 0.001575712009727988,
  "avg_recall_latency_ms": 3633.7387187522836,
  "avg_recall_latency_ci_ms": 336.98661219446257,
  "mean_session_recall_at_k": 0.9149305555555555,
  "mean_session_recall_at_k_ci": 0.03789172969148211,
  "mean_session_hit_at_k": 0.9791666666666666,
  "mean_session_hit_at_k_ci": 0.04083333333333333,
  "ingest_failure_rate": 0.0,
  "questions_evaluated_per_seed": [
    16,
    16,
    16
  ],
  "accuracy_by_category": {
    "information_extraction": {
      "accuracy": 0.4041666666666667,
      "accuracy_ci": 0.3354166666666667,
      "ci_low_95": 0.125,
      "ci_high_95": 0.7958333333333334,
      "n": 4
    },
    "multi_session_reasoning": {
      "accuracy": 0.5041666666666667,
      "accuracy_ci": 0.23125,
      "ci_low_95": 0.31666666666666665,
      "ci_high_95": 0.7791666666666667,
      "n": 4
    },
    "temporal": {
      "accuracy": 0.1,
      "accuracy_ci": 0.10833333333333334,
      "ci_low_95": 0.018750000000000003,
      "ci_high_95": 0.23541666666666666,
      "n": 4
    },
    "knowledge_update": {
      "accuracy": 0.5708333333333333,
      "accuracy_ci": 0.28958333333333325,
      "ci_low_95": 0.2791666666666667,
      "ci_high_95": 0.8583333333333332,
      "n": 4
    }
  },
  "metadata": {
    "commit_sha": "886bc1fef8049219eca1ce0e0ab084effc0ac050",
    "started_utc": "2026-06-26T16:59:12.570015+00:00",
    "host": "Darwin 25.5.0 (arm64)",
    "python": "3.12.4",
    "top_k": 5,
    "top_k_normalized": true,
    "seed": 2,
    "models": {
      "anthropic_generate": "claude-sonnet-4-6",
      "anthropic_fast": "claude-haiku-4-5-20251001",
      "anthropic_judge": "claude-opus-4-7",
      "openai_generate": "gpt-4o",
      "openai_fast": "gpt-4o-mini",
      "openai_judge": "gpt-4o",
      "embedding": "text-embedding-3-large"
    },
    "package_versions": {
      "memory-arena": "0.1.6",
      "anthropic": "0.42.0",
      "openai": "2.24.0",
      "chromadb": "0.5.23",
      "neo4j": "5.27.0",
      "fastapi": "0.115.6",
      "pydantic": "2.10.4",
      "rank-bm25": "0.2.2",
      "tiktoken": "0.7.0",
      "tenacity": "9.0.0",
      "numpy": "2.4.4",
      "scikit-learn": "1.8.0",
      "mem0ai": "2.0.2",
      "graphiti-core": "0.13.0",
      "cognee": "1.0.3",
      "langmem": "0.0.30",
      "langgraph": "1.1.10",
      "memori": "3.3.2",
      "psycopg": "3.3.3",
      "s3fs": "not-installed"
    }
  }
}