{
  "strategy": "langmem",
  "corpus": "longmemeval-s",
  "status": "ok",
  "n_seeds": 3,
  "n_questions": 16,
  "n_bootstrap": 5000,
  "bootstrap_method": "non_parametric_question_level",
  "mean_accuracy": 0.33000000000000007,
  "ci_low_95": 0.23248958333333336,
  "ci_high_95": 0.42333333333333334,
  "accuracy": 0.33000000000000007,
  "accuracy_ci": 0.09542187499999999,
  "ci_low": 0.23248958333333336,
  "ci_high": 0.42333333333333334,
  "accuracy_per_seed": [
    0.35750000000000004,
    0.35250000000000004,
    0.28
  ],
  "total_cost_usd": 0.16322899999999999,
  "total_cost_ci": 0.06373814950487344,
  "avg_recall_latency_ms": 4227.0073602897655,
  "avg_recall_latency_ci_ms": 893.240590122373,
  "mean_session_recall_at_k": null,
  "mean_session_recall_at_k_ci": null,
  "mean_session_hit_at_k": null,
  "mean_session_hit_at_k_ci": null,
  "ingest_failure_rate": 0.12601626016260162,
  "questions_evaluated_per_seed": [
    16,
    16,
    16
  ],
  "accuracy_by_category": {
    "information_extraction": {
      "accuracy": 0.30000000000000004,
      "accuracy_ci": 0.1733333333333334,
      "ci_low_95": 0.13,
      "ci_high_95": 0.4766666666666668,
      "n": 4
    },
    "multi_session_reasoning": {
      "accuracy": 0.4700000000000001,
      "accuracy_ci": 0.12333333333333335,
      "ci_low_95": 0.3466666666666667,
      "ci_high_95": 0.5933333333333334,
      "n": 4
    },
    "temporal": {
      "accuracy": 0.09,
      "accuracy_ci": 0.08250000000000002,
      "ci_low_95": 0.03333333333333334,
      "ci_high_95": 0.19833333333333336,
      "n": 4
    },
    "knowledge_update": {
      "accuracy": 0.4600000000000001,
      "accuracy_ci": 0.09166666666666667,
      "ci_low_95": 0.3500000000000001,
      "ci_high_95": 0.5333333333333334,
      "n": 4
    }
  },
  "metadata": {
    "commit_sha": "886bc1fef8049219eca1ce0e0ab084effc0ac050",
    "started_utc": "2026-06-28T01:40:55.287781+00:00",
    "host": "Darwin 25.5.0 (arm64)",
    "python": "3.12.4",
    "top_k": 5,
    "top_k_normalized": true,
    "seed": 2,
    "models": {
      "anthropic_generate": "claude-sonnet-4-6",
      "anthropic_fast": "claude-haiku-4-5-20251001",
      "anthropic_judge": "claude-opus-4-7",
      "openai_generate": "gpt-4o",
      "openai_fast": "gpt-4o-mini",
      "openai_judge": "gpt-4o",
      "embedding": "text-embedding-3-large"
    },
    "package_versions": {
      "memory-arena": "0.1.6",
      "anthropic": "0.42.0",
      "openai": "2.24.0",
      "chromadb": "0.5.23",
      "neo4j": "5.27.0",
      "fastapi": "0.115.6",
      "pydantic": "2.10.4",
      "rank-bm25": "0.2.2",
      "tiktoken": "0.7.0",
      "tenacity": "9.0.0",
      "numpy": "2.4.4",
      "scikit-learn": "1.8.0",
      "mem0ai": "2.0.2",
      "graphiti-core": "0.13.0",
      "cognee": "1.0.3",
      "langmem": "0.0.30",
      "langgraph": "1.1.10",
      "memori": "3.3.2",
      "psycopg": "3.3.3",
      "s3fs": "not-installed"
    }
  }
}